method,family,task,ok,elapsed_s,accuracy,precision,recall,f1,auc,primary
lda,linear,supervised,True,0.05,1.0,1.0,1.0,1.0,1.0,f1
qda,linear,supervised,True,0.01,0.9737,0.9762,0.9744,0.9743,1.0,f1
gradient_boosting,ensemble,supervised,True,1.29,0.9737,0.9762,0.9744,0.9743,0.9908,f1
extra_trees,ensemble,supervised,True,0.97,0.9474,0.9487,0.9487,0.9487,0.9938,f1
svc,svm,supervised,True,0.01,0.9474,0.9487,0.9487,0.9487,0.9959,f1
logistic,linear,supervised,True,0.25,0.9211,0.9246,0.9231,0.923,0.9959,f1
random_forest,ensemble,supervised,True,1.65,0.9211,0.9246,0.9231,0.923,0.9887,f1
adaboost,ensemble,supervised,True,0.4,0.9211,0.9246,0.9231,0.923,0.9662,f1
stacking,ensemble,supervised,True,21.98,0.9211,0.9246,0.9231,0.923,0.9938,f1
voting,ensemble,supervised,True,10.27,0.9211,0.9246,0.9231,0.923,0.9918,f1
nusvc,svm,supervised,True,0.01,0.9211,0.9246,0.9231,0.923,0.9959,f1
xgboost,ensemble,supervised,True,1.22,0.9211,0.9246,0.9231,0.923,0.9785,f1
gaussian_nb,bayes,supervised,True,0.01,0.9211,0.9246,0.9231,0.923,0.9856,f1
knn,knn,supervised,True,0.01,0.9211,0.9375,0.9231,0.922,0.9897,f1
hist_gb,ensemble,supervised,True,1.79,0.8947,0.903,0.8974,0.8968,0.9703,f1
linear_svc,svm,supervised,True,0.0,0.8684,0.8778,0.8697,0.8712,0.9682,f1
lightgbm,ensemble,supervised,True,0.76,0.8421,0.8505,0.8462,0.8452,0.9785,f1
multinomial_nb,bayes,supervised,True,0.01,0.8158,0.8292,0.8205,0.8181,0.8205,f1
bernoulli_nb,bayes,supervised,True,0.0,0.7895,0.8067,0.7949,0.7744,0.8707,f1
dummy,baseline,supervised,True,0.0,0.3158,0.1053,0.3333,0.16,,f1
