method,family,task,ok,elapsed_s,rmse,mae,r2,mape,primary
lightgbm,ensemble,supervised,True,1.21,0.5077,0.3447,0.8026,20.3695,rmse
hist_gb,ensemble,supervised,True,4.66,0.5078,0.3443,0.8025,20.2583,rmse
xgboost,ensemble,supervised,True,0.97,0.5192,0.351,0.7935,21.3881,rmse
voting,ensemble,supervised,True,3.86,0.5279,0.3611,0.7866,22.2453,rmse
stacking,ensemble,supervised,True,13.67,0.529,0.357,0.7857,20.8621,rmse
gradient_boosting,ensemble,supervised,True,2.42,0.5401,0.3722,0.7766,22.0741,rmse
extra_trees,ensemble,supervised,True,1.39,0.5464,0.3746,0.7714,22.972,rmse
random_forest,ensemble,supervised,True,2.08,0.5584,0.387,0.7612,23.8833,rmse
gpr,linear,supervised,True,13.22,0.6037,0.4155,0.7209,24.4602,rmse
svc,svm,supervised,True,0.55,0.6278,0.4166,0.6982,23.3087,rmse
kernel_ridge,linear,supervised,True,0.46,0.6673,0.4582,0.659,26.6424,rmse
knn,knn,supervised,True,0.04,0.7046,0.4855,0.6198,28.4173,rmse
bayesian_ridge,bayes,supervised,True,0.01,0.7228,0.524,0.5998,32.9818,rmse
ridge,linear,supervised,True,0.0,0.7229,0.5241,0.5997,32.9883,rmse
linear_regression,linear,supervised,True,0.01,0.7231,0.5242,0.5995,33.0003,rmse
huber,linear,supervised,True,0.03,0.7276,0.5073,0.5945,29.9041,rmse
theilsen,linear,supervised,True,2.21,0.7603,0.5083,0.5573,32.8824,rmse
adaboost,ensemble,supervised,True,0.69,0.8615,0.7373,0.4317,53.2307,rmse
elasticnet,linear,supervised,True,0.01,1.0302,0.8137,0.1873,57.5782,rmse
lasso,linear,supervised,True,0.01,1.1434,0.9025,-0.0013,64.0022,rmse
dummy,baseline,supervised,True,0.0,1.1434,0.9025,-0.0013,64.0022,rmse
